,precision,recall,f1-score,support,train_acc,test_acc
0,0.3869086195722618,0.39096267190569745,0.38892508143322474,1527.0,0.643480428820743,0.37521815008726006
1,0.3847583643122677,0.19961427193828352,0.26285714285714284,1037.0,0.643480428820743,0.37521815008726006
2,0.3632124352331606,0.48445058742225294,0.41516138584542495,1447.0,0.643480428820743,0.37521815008726006
accuracy,0.37521815008726006,0.37521815008726006,0.37521815008726006,0.37521815008726006,0.643480428820743,0.37521815008726006
macro avg,0.3782931397058967,0.35834251042207793,0.35564787004526416,4011.0,0.643480428820743,0.37521815008726006
weighted avg,0.3778041086165666,0.37521815008726006,0.36579655492638274,4011.0,0.643480428820743,0.37521815008726006
